cis;x_norm;y_norm;offset_x;offset_y
ALTECKENDORF;0.5168;0.4031;0;0
ALTORF;;;0;0
ANDLAU;;;0;0
ARTOLSHEIM;;;0;0
ASCHBACH;;;0;0
BALBRONN;;;0;0
BALDENHEIM;0.5106;0.8452;0;0
BARR;0.4351;0.7152;0;0
BEINHEIM;;;0;0
BENFELD;;;0;0
BERGBIETEN;0.4234;0.5795;0;0
BERNARDSWILLER;;;0;0
BETSCHDORF;0.7433;0.3089;0;0
BILWISHEIM;;;0;0
BINDERNHEIM;;;0;0
BISCHHEIM;0.6354;0.5411;0;0
BISCHHEIM SCHILTIGHE;;;0;0
BISCHHOLTZ;;;0;0
BISCHOFFSHEIM;;;0;0
BISCHWILLER;0.7073;0.4134;0;0
BOERSCH;;;0;0
BOESENBIESEN;;;0;0
BOOFZHEIM;;;0;0
BOOTZHEIM;;;0;0
BOUXWILLER;;;0;0
BREUCHWICKERSHEIM;;;0;0
BRUMATH;0.6078;0.4458;0;0
CIE EMS NORD;;;0;0
CIE EMS SUD;;;0;0
CIE HAGUENAU;0.6522;0.3755;0;0
CIE MOLSHEIM;0.4693;0.6152;0;0
CIE SAVERNE;0.3515;0.4523;0;0
CIE SELESTAT;0.4542;0.8415;0;0
CLIMBACH;;;0;0
COLROY LA ROCHE;;;0;0
DAMBACH;;;0;0
DAMBACH LA VILLE;0.4170;0.7821;0;0
DAUENDORF;;;0;0
DEHLINGEN;;;0;0
DETTWILLER;;;0;0
DIEBOLSHEIM;;;0;0
DIEMERINGEN;;;0;0
DIRECTION;;;0;0
DOSSENHEIM S/ZINSEL;;;0;0
DRACHENBRONN BIRLENB;;;0;0
DRULINGEN;0.2038;0.3511;0;0
DRUSENHEIM;0.7816;0.4182;0;0
DURRENBACH;0.6354;0.3111;0;0
DURSTEL;;;0;0
DUTTLENHEIM;;;0;0
EBERSHEIM;0.4744;0.7963;0;0
EBERSMUNSTER;0.5010;0.8008;0;0
ECKBOLSHEIM;;;0;0
EPFIG;;;0;0
EPFIG BERNARDVILLE;;;0;0
ERGERSHEIM;0.4862;0.5762;0;0
ERNOLSHEIM S.BRUCHE;;;0;0
ERSTEIN;;;0;0
FEGERSHEIM;0.6132;0.6423;0;0
FOUCHY;;;0;0
FRIEDOLSHEIM;;;0;0
FROHMUHL;;;0;0
GAMBSHEIM;0.7456;0.4707;0;0
GEISPOLSHEIM;0.5719;0.6233;0;0
GERSTHEIM;;;0;0
GERTWILLER;;;0;0
GEUDERTHEIM;;;0;0
GOERSDORF;;;0;0
GOUGENHEIM;;;0;0
GOXWILLER;;;0;0
GRENDELBRUCH;;;0;0
GRIES;0.6828;0.4285;0;0
GRIESHEIM PRES MOLSH;;;0;0
GRIESHEIM SUR SOUFFE;0.6293;0.6239;0;0
GUNDERSHOFFEN;;;0;0
HAGUENAU;0.6522;0.3755;0;0
HANGENBIETEN;;;0;0
HARSKIRCHEN;;;0;0
HATTEN;0.8183;0.3100;0;0
HAUSBERGEN;;;0;0
HEILIGENSTEIN;;;0;0
HERBSHEIM;;;0;0
HERRLISHEIM;;;0;0
HILSENHEIM;0.5297;0.8061;0;0
HINDISHEIM;;;0;0
HOCHFELDEN;0.4984;0.4301;0;0
HOENHEIM;0.6530;0.5275;0;0
HOERDT;;;0;0
HOFFEN;;;0;0
HOHWALD (LE);;;0;0
HOLTZHEIM;;;0;0
HUTTENDORF;;;0;0
HUTTENHEIM;;;0;0
ILLKIRCH GRAFFENSTAD;0.6308;0.6260;0;0
INGWILLER;0.4266;0.3439;0;0
INNENHEIM;;;0;0
ITTENHEIM;;;0;0
KALTENHOUSE;;;0;0
KERTZFELD;;;0;0
KESKASTEL;;;0;0
KILSTETT;;;0;0
KINTZHEIM;;;0;0
KOGENHEIM;;;0;0
KRAUTERGERSHEIM;;;0;0
LA BROQUE;;;0;0
LA PLAINE DE L'ILL;;;0;0
LA ROTHAINE;;;0;0
LA WANTZENAU;;;0;0
LAMPERTHEIM;;;0;0
LAUBACH;;;0;0
LAUTERBOURG;;;0;0
LEMBACH;;;0;0
LES RIVES DU MUHLBAC;;;0;0
LIMERSHEIM;;;0;0
LINGOLSHEIM;0.5956;0.5892;0;0
LIPSHEIM;0.5826;0.6466;0;0
LOBSANN;;;0;0
LOCHWILLER;;;0;0
LUPSTEIN;;;0;0
LUTZELHOUSE;;;0;0
MACKENHEIM;;;0;0
MARCKOLSHEIM;;;0;0
MARLENHEIM;;;0;0
MARMOUTIER;;;0;0
MATZENHEIM;;;0;0
MEISTRATZHEIM;;;0;0
MERTZWILLER;;;0;0
MITTELBERGHEIM;;;0;0
MITTELHAUSBERGEN;;;0;0
MOLLKIRCH;;;0;0
MOLSHEIM;0.4693;0.6152;0;0
MOMMENHEIM;;;0;0
MONSWILLER;0.3591;0.4415;0;0
MOTHERN;;;0;0
MUNDOLSHEIM;0.6163;0.5221;0;0
MUSSIG;0.4957;0.8640;0;0
MUTTERSHOLTZ;0.5010;0.8272;0;0
MUTZIG;0.4242;0.6114;0;0
NAN;;;0;0
NIEDERBRONN LES BAIN;0.5458;0.2781;0;0
NIEDERHASLACH;;;0;0
NIEDERSCHAEFFFOLSHEI;;;0;0
NIEDERSOULTZBACH;;;0;0
NORD;;;0;0
NORDHOUSE;0.5941;0.6758;0;0
OBERHASLACH;;;0;0
OBERHOFFEN SUR MODER;0.7333;0.4009;0;0
OBERMODERN ZUTZENDOR;;;0;0
OBERNAI;;;0;0
OBERSCHAEFFOLSHEIM;;;0;0
OERMINGEN;;;0;0
OHLUNGEN;;;0;0
OHNENHEIM;;;0;0
ORSCHWILLER;;;0;0
OSTHOUSE;;;0;0
OSTWALD;;;0;0
OTTERSWILLER;;;0;0
OTTROTT;;;0;0
PETERSBACH;;;0;0
PLOBSHEIM;;;0;0
PREUSCHDORF;;;0;0
PRISME 1;;;0;0
PRISME 3;;;0;0
QUATZENHEIM;;;0;0
RAUWILLER;;;0;0
REICHSHOFFEN;;;0;0
REICHSTETT;;;0;0
REIPERTSWILLER;;;0;0
RHINAU;;;0;0
RINGENDORF;;;0;0
RITTERSHOFFEN;;;0;0
ROESCHWOOG;;;0;0
ROHRWILLER;;;0;0
ROMANSWILLER;;;0;0
ROSENWILLER;;;0;0
ROSHEIM;;;0;0
ROSSFELD;;;0;0
SAALES;;;0;0
SAINT PIERRE;;;0;0
SAINT PIERRE BOIS TH;;;0;0
SALMBACH;;;0;0
SARRE UNION;;;0;0
SAVERNE;;;0;0
SCHAEFFERSHEIM;;;0;0
SCHARRACHBERGHEIM IR;;;0;0
SCHERWILLER;;;0;0
SCHIRMECK;;;0;0
SCHIRRHEIN;;;0;0
SCHLEITHAL;;;0;0
SCHNERSHEIM;;;0;0
SCHOENAU;;;0;0
SCHOENBOURG;;;0;0
SCHWEIGHOUSE SUR MOD;;;0;0
SCHWINDRATZHEIM;;;0;0
SEEBACH;;;0;0
SELESTAT;0.4542;0.8415;0;0
SELTZ;;;0;0
SERMERSHEIM;;;0;0
SESSENHEIM;;;0;0
SOUFFLENHEIM;;;0;0
SOULTZ SOUS FORETS;;;0;0
SSSM;;;0;0
STEINBOURG;;;0;0
STEINSELTZ;;;0;0
STILL;;;0;0
STOTZHEIM;;;0;0
STRASBOURG NORD;0.6614;0.5438;0;0
STRASBOURG SUD;0.6469;0.6049;0;0
STUTZHEIM OFFENHEIM;;;0;0
SUD;;;0;0
SUNDHOUSE;;;0;0
SURBOURG;;;0;0
TRIMBACH;;;0;0
TRUCHTERSHEIM;;;0;0
UHRWILLER;;;0;0
UHRWILLER ENGWILLER;;;0;0
URMATT;;;0;0
VAL DE MODER;;;0;0
VALFF;;;0;0
VENDENHEIM;;;0;0
VILLE;;;0;0
VOLKSBERG;;;0;0
WALTENHEIM SUR ZORN;;;0;0
WANGENBOURG ENGENTHA;;;0;0
WASSELONNE;;;0;0
WEISLINGEN;;;0;0
WEITBRUCH;;;0;0
WESTHOFFEN;;;0;0
WESTHOUSE;;;0;0
WEYER;;;0;0
WEYERSHEIM;;;0;0
WILWISHEIM;;;0;0
WIMMENAU;;;0;0
WINGEN;;;0;0
WINGEN SUR MODER;;;0;0
WINGERSHEIM LES QUAT;;;0;0
WINTERSHOUSE;;;0;0
WINTZENBACH;;;0;0
WISCHES;;;0;0
WISSEMBOURG;;;0;0
WITTISHEIM;;;0;0
WOERTH;;;0;0
WOLFISHEIM;;;0;0
ZZ_DAMBACH LA VILLE;;;0;0
ZZ_MUTZIG;;;0;0
ZZ_SCHILTIGHEIM;;;0;0